percentage,visit_country,gender_identity
9,10,Female
30,11,Female
50,10,Female
40,6,Female
32,5,Female
40,5,Prefer not to say
43,7,Female
15,6,Female
30,2,Male
25,8,Male
26,2,Female
30,8,Female
40,15,Female
45,19,Female
20,2,Female
20,3,Non-binary
29,7,Female
28,5,Female
35,12,Female
56,9,Female
6,10,Non-binary
20,6,Female
42,7,Female
15,4,Female
10,2,Female
10,6,Female
20,7,Female
25,2,Female
27,4,Female
45,9,Female
30,14,Female
18,10,Female
21,3,Female
10,3,Female
20,5,Female
45,10,Female
77,5,Female
15,34,Female
20,6,Non-binary
33,7,Female
11,17,Female
35,3,Female
41,0,Female
52,6,Female
40,5,Female
27,5,Female
13,6,Female
30,3,Female
30,1,Female
40,7,Female
40,4,Female
9,6,Female
30,1,Female
40,7,Female
24,10,Female
60,2,Female
25,9,Male
28,15,Female
15,9,Female
60,8,Female
32,5,Female
18,10,Female
21,6,Female
51,6,Female
41,8,Female
19,8,Female
45,6,Female
30,2,Female
34,3,Female
40,3,Female
74,3,Female
24,13,Male
20,5,Male
38,9,Male
20,5,Male
43,4,Female
7,8,Male
17,12,Male
32,6,Female
13,3,Female
35,2,Female
30,8,Female
25,3,Female
25,5,Female
55,6,Male
25,50,Female
30,1,Female
46,6,Female
40,3,Non-binary
4,1,Male
40,15,Female
19,5,Male
17,7,Female
30,10,Female
55,5,Male
30,5,Female
42,5,Female
28,10,Female
19,13,Female
32,4,Female
46,2,Female
36,9,Female
40,4,Female
30,27,Female
30,1,Non-binary
12,8,Female
18,6,Female
18,11,Male
27,7,Female
40,6,Female
49,6,Female
50,20,Female
46,1,Female
15,6,Female
55,10,Female
35,5,Female
15,9,Female
37,24,Female
30,7,Female
30,6,Female
20,9,Female
9,7,Prefer not to say
25,10,Female
15,3,Female
15,8,Female
61,3,Female
55,15,Female
40,4,Female
35,16,Female
21,8,Female
10,15,Female
20,3,Female
14,6,Female
19,6,Female
41,12,Female
40,8,Male
19,10,Female
40,4,Female
37,3,Female
45,5,Female
25,14,Female
20,8,Prefer not to say
30,9,Female
25,1,Female
30,4,Male
65,27,Male
7,4,Male
16,10,Female
30,17,Female
30,5,Male
20,9,Non-binary
10,15,Male
40,2,Female