phone_type,usage,usage_hours,usage_minutes
iPhone,270,4,2
iPhone,375,6,1
iPhone,570,9,2
iPhone,510,8,2
iPhone,600,9,4
iPhone,435,7,1
Android,675,11,1
iPhone,390,6,2
iPhone,765,12,3
iPhone,675,11,1
iPhone,540,8,4
iPhone,360,5,4
iPhone,870,14,2
iPhone,645,10,3
iPhone,705,11,3
iPhone,480,7,4
Android,570,9,2
iPhone,0,,
iPhone,375,6,1
iPhone,270,4,2
iPhone,300,4,4
Android,450,7,2
iPhone,465,7,3
iPhone,345,5,3
iPhone,450,7,2
iPhone,345,5,3
Android,540,8,4
iPhone,300,4,4
iPhone,315,5,1
Android,600,9,4
Android,510,8,2
iPhone,450,7,2
iPhone,630,10,2
iPhone,570,9,2
iPhone,255,4,1
iPhone,510,8,2
iPhone,510,8,2
iPhone,345,5,3
Android,360,6,
iPhone,495,8,1
iPhone,525,8,3
iPhone,930,15,2
iPhone,495,8,1
iPhone,660,10,4
iPhone,615,10,1
Android,495,8,1
Android,345,5,3
Android,1455,24,1
iPhone,480,7,4
iPhone,540,8,4
Android,240,3,4
iPhone,525,8,3
iPhone,435,7,1
iPhone,300,4,4
Android,270,4,2
Android,375,6,1
iPhone,345,5,3
iPhone,480,7,4
Android,435,7,1
iPhone,525,8,3
iPhone,330,5,2
iPhone,255,4,1
iPhone,420,7,
iPhone,330,5,2
iPhone,360,5,4
iPhone,465,7,3
Android,480,7,4
iPhone,630,10,2
Android,465,7,3
iPhone,330,5,2
iPhone,525,8,3
iPhone,420,6,4
iPhone,390,6,2
iPhone,285,4,3
iPhone,660,11,
iPhone,315,5,1
iPhone,225,3,3
iPhone,405,6,3
iPhone,435,7,1
iPhone,390,6,2
iPhone,540,9,
iPhone,705,11,3
iPhone,1500,25,
iPhone,510,8,2
iPhone,285,4,3
iPhone,660,10,4
iPhone,180,2,4
iPhone,285,4,3
iPhone,705,11,3
iPhone,435,7,1
iPhone,540,9,
iPhone,345,5,3
iPhone,510,8,2
iPhone,330,5,2
iPhone,720,12,
iPhone,510,8,2
iPhone,465,7,3
iPhone,270,4,2
iPhone,375,6,1
iPhone,465,7,3
iPhone,420,6,4
iPhone,240,3,4
iPhone,525,8,3
iPhone,390,6,2
iPhone,465,7,3
iPhone,540,8,4
iPhone,405,6,3
iPhone,435,7,1
iPhone,375,6,1
iPhone,420,6,4
iPhone,480,7,4
iPhone,315,5,1
iPhone,660,10,4
iPhone,375,6,1
iPhone,480,7,4
iPhone,570,9,2
iPhone,540,8,4
iPhone,480,7,4
iPhone,435,7,1
iPhone,420,6,4
iPhone,285,4,3
iPhone,330,5,2
iPhone,480,8,