Q6,Q8,Q13
family_position,uk_region,salary
The youngest of my siblings,"North West, England",25000
The youngest of my siblings,"North West, England",35000
The youngest of my siblings,"North West, England",40000
The youngest of my siblings,"North East, England",25000
The youngest of my siblings,"North West, England",35000
The oldest of my siblings,"North West, England",23000
The oldest of my siblings,"South East, England (inc. London)",26400
A middle child (I had older and younger siblings),,24000
The oldest of my siblings,"South East, England (inc. London)",40000
The oldest of my siblings,"North West, England",46000
A middle child (I had older and younger siblings),"North West, England",25000
The youngest of my siblings,"South East, England (inc. London)",5000
An only child,"North West, England",30000
The oldest of my siblings,"North West, England",45000
The oldest of my siblings,"North West, England",35000
The youngest of my siblings,,10000
The youngest of my siblings,,30000
The youngest of my siblings,"North West, England",50000
The oldest of my siblings,"North East, England",40000
The oldest of my siblings,,53000
The youngest of my siblings,"North West, England",30000
The oldest of my siblings,,39700
The youngest of my siblings,"North West, England",35000
The youngest of my siblings,"North West, England",35000
The oldest of my siblings,"South East, England (inc. London)",40000
The youngest of my siblings,"North West, England",40000
The youngest of my siblings,"North West, England",35000
The oldest of my siblings,"North West, England",30000
The oldest of my siblings,"South East, England (inc. London)",27000
An only child,"North East, England",25000
The youngest of my siblings,"South West, England",25000
The youngest of my siblings,"North West, England",20000
The oldest of my siblings,"North West, England",30000
A middle child (I had older and younger siblings),"North West, England",20000
The oldest of my siblings,"North West, England",30000
The youngest of my siblings,"Midlands, England",40000
The youngest of my siblings,"South West, England",5576
The youngest of my siblings,"North West, England",36000
The youngest of my siblings,"North West, England",7000
The oldest of my siblings,"Midlands, England",39000
The youngest of my siblings,"South West, England",45000
The youngest of my siblings,"North West, England",27000
A middle child (I had older and younger siblings),"South East, England (inc. London)",34000
The oldest of my siblings,"North East, England",40000
The youngest of my siblings,"North West, England",15000
The oldest of my siblings,"North West, England",45000
A middle child (I had older and younger siblings),"North West, England",29000
A middle child (I had older and younger siblings),"North West, England",20000
The youngest of my siblings,"North West, England",30000
An only child,"Midlands, England",8000
The youngest of my siblings,"South West, England",30000
The oldest of my siblings,"North West, England",30000
The oldest of my siblings,"South East, England (inc. London)",30000
The oldest of my siblings,"North West, England",30000
The oldest of my siblings,"North East, England",27000
A middle child (I had older and younger siblings),"North West, England",28000
The youngest of my siblings,"South East, England (inc. London)",37000
An only child,"Midlands, England",27000
The youngest of my siblings,"North West, England",40000
The oldest of my siblings,"North West, England",30000
The oldest of my siblings,"South West, England",30000
The oldest of my siblings,Wales,23000
The oldest of my siblings,"North West, England",30000
The oldest of my siblings,"North West, England",26000
The youngest of my siblings,"North West, England",36000
The youngest of my siblings,"North West, England",25000
An only child,"South East, England (inc. London)",25000
A middle child (I had older and younger siblings),"North West, England",30000
The oldest of my siblings,"North East, England",25000
The youngest of my siblings,"North West, England",13500
The youngest of my siblings,"North West, England",25000
A middle child (I had older and younger siblings),"North West, England",36000
The oldest of my siblings,,33000
The oldest of my siblings,"Midlands, England",25000
The youngest of my siblings,"North East, England",32000
A middle child (I had older and younger siblings),"North West, England",25000
The youngest of my siblings,Wales,30000
The oldest of my siblings,,60000
The oldest of my siblings,"North West, England",26000
The youngest of my siblings,"North West, England",30000
A middle child (I had older and younger siblings),"North West, England",35000
A middle child (I had older and younger siblings),"North West, England",35000
The youngest of my siblings,"South East, England (inc. London)",40000
The oldest of my siblings,"North West, England",24000
An only child,"North West, England",32000
The oldest of my siblings,"North West, England",32000
The youngest of my siblings,"South East, England (inc. London)",30000
The youngest of my siblings,"North West, England",40000
The youngest of my siblings,"South East, England (inc. London)",30000
A middle child (I had older and younger siblings),"North West, England",25000
The youngest of my siblings,"Midlands, England",20000
A middle child (I had older and younger siblings),"South East, England (inc. London)",27000
A middle child (I had older and younger siblings),"Midlands, England",30000
An only child,"Midlands, England",23000
The oldest of my siblings,"North West, England",35000
The oldest of my siblings,"North East, England",27000
The youngest of my siblings,"North East, England",30000
The oldest of my siblings,"South East, England (inc. London)",40000
The youngest of my siblings,"South East, England (inc. London)",27000
The youngest of my siblings,"North East, England",27000
The youngest of my siblings,"South East, England (inc. London)",27000
An only child,"North East, England",40000
The youngest of my siblings,"North West, England",20000
The oldest of my siblings,"North West, England",5000
The oldest of my siblings,"North West, England",32000
The youngest of my siblings,"Midlands, England",35000
The oldest of my siblings,"South East, England (inc. London)",28000
The oldest of my siblings,"South East, England (inc. London)",20000
The oldest of my siblings,"North West, England",50000
The oldest of my siblings,"South East, England (inc. London)",30000
A middle child (I had older and younger siblings),"North West, England",34000
A middle child (I had older and younger siblings),"Midlands, England",30000
A middle child (I had older and younger siblings),"North West, England",35000
The oldest of my siblings,"North West, England",30000
The oldest of my siblings,"Midlands, England",33000
A middle child (I had older and younger siblings),"North West, England",23000
The oldest of my siblings,"North West, England",38000
The youngest of my siblings,"North West, England",50000
The youngest of my siblings,"Midlands, England",20000
The oldest of my siblings,"North West, England",40000
The oldest of my siblings,"South East, England (inc. London)",32000