"vars";"n";"mean";"sd";"median";"trimmed";"mad";"min";"max";"range";"skew";"kurtosis";"se";"item_difficulty"
"subject";1;176;88.5;50.95;88.5;88.5;65.23;1;176;175;0;-1.22;3.84;50.28
"location*";2;176;1;0;1;1;0;1;1;0;NA;NA;0;100
"type*";3;176;1;0;1;1;0;1;1;0;NA;NA;0;100
"id";4;176;1.47;0.85;1;1.34;0;1;3;2;1.25;-0.43;0.06;48.86
"BMW3_UN_01";5;176;2.61;0.95;3;2.65;1.48;0;4;4;-0.48;-0.58;0.07;65.34
"BMW3_UN_02";6;176;2.65;1.01;3;2.71;0;0;4;4;-0.75;-0.21;0.08;66.19
"BMW3_UN_03";7;176;2.06;0.99;2;2.01;1.48;0;4;4;0.17;-1.05;0.07;51.42
"BMW3_UN_04";8;176;2.26;1.1;2;2.25;1.48;0;4;4;-0.15;-1.01;0.08;56.39
"BMW3_ME_01";9;176;2.72;1;3;2.82;0.74;0;4;4;-0.84;0.35;0.08;68.04
"BMW3_ME_02";10;176;2.91;1.02;3;3.06;1.48;0;4;4;-1.1;0.76;0.08;72.87
"BMW3_ME_03";11;176;2.7;1.08;3;2.79;1.48;0;4;4;-0.68;-0.38;0.08;67.61
"BMW3_ME_04";12;176;2.39;1.07;3;2.4;1.48;0;4;4;-0.33;-0.81;0.08;59.66
"BMW3_IN_01";13;176;1.93;1.31;2;1.92;1.48;0;4;4;0.06;-1.18;0.1;48.3
"BMW3_IN_02";14;176;1.68;1.29;2;1.63;1.48;0;4;4;0.14;-1.18;0.1;42.05
"BMW3_IN_03";15;176;2.7;1.17;3;2.83;1.48;0;4;4;-0.77;-0.22;0.09;67.47
"BMW3_IN_04";16;176;2.67;1.24;3;2.81;1.48;0;4;4;-0.74;-0.49;0.09;66.76
"BMW3_UN";17;176;2.39;0.76;2.5;2.41;0.74;0.75;4;3.25;-0.15;-0.77;0.06;59.84
"BMW3_ME";18;176;2.68;0.81;2.75;2.73;0.74;0.75;4;3.25;-0.45;-0.44;0.06;67.05
"BMW3_IN";19;176;2.25;0.9;2.25;2.26;0.93;0;4;4;-0.18;-0.35;0.07;56.14
"zPC_Sum";20;176;0;1;0.04;0.01;1.03;-2.42;2.4;4.82;-0.1;-0.25;0.08;0
"zPS_Sum";21;176;0;1;0.05;0.02;0.99;-3.9;2.48;6.38;-0.39;0.7;0.08;0
"zM_Sum";22;176;0;1;-0.04;0;0.98;-2.1;2.42;4.52;0.05;-0.45;0.08;0
"zC_Sum";23;176;0;1;0;0.01;0.94;-2.62;2.28;4.9;-0.13;-0.25;0.08;0
"PC_Sum";24;176;613.71;44.1;614;614.18;44.48;510;712;202;-0.11;-0.31;3.32;86.2
"PS_Sum";25;176;303.45;23.4;304.5;304.07;21.5;190;357;167;-0.66;2.12;1.76;85
"M_Sum";26;176;295.27;22.87;294;295.31;22.24;236;349;113;-0.03;-0.27;1.72;84.61
"C_Sum";27;176;295.81;20.51;296;296.04;19.27;241;342;101;-0.13;-0.26;1.55;86.49
"BMW3_UN_01_z";28;176;0;1;0.41;0.04;1.56;-2.75;1.46;4.21;-0.48;-0.58;0.08;0
"BMW3_UN_02_z";29;176;0;1;0.35;0.06;0;-2.62;1.34;3.96;-0.75;-0.21;0.08;0
"BMW3_UN_03_z";30;176;0;1;-0.06;-0.04;1.5;-2.08;1.96;4.04;0.17;-1.05;0.08;0
"BMW3_UN_04_z";31;176;0;1;-0.23;-0.01;1.35;-2.05;1.59;3.64;-0.15;-1.01;0.08;0
"BMW3_ME_01_z";32;176;0;1;0.28;0.1;0.74;-2.73;1.28;4.02;-0.84;0.35;0.08;0
"BMW3_ME_02_z";33;176;0;1;0.08;0.14;1.45;-2.84;1.06;3.9;-1.1;0.76;0.08;0
"BMW3_ME_03_z";34;176;0;1;0.27;0.08;1.38;-2.51;1.2;3.72;-0.68;-0.38;0.08;0
"BMW3_ME_04_z";35;176;0;1;0.57;0.01;1.39;-2.23;1.51;3.74;-0.33;-0.81;0.08;0
"BMW3_IN_01_z";36;176;0;1;0.05;-0.01;1.13;-1.47;1.58;3.05;0.06;-1.18;0.08;0
"BMW3_IN_02_z";37;176;0;1;0.25;-0.04;1.15;-1.31;1.8;3.11;0.14;-1.18;0.08;0
"BMW3_IN_03_z";38;176;0;1;0.26;0.11;1.26;-2.3;1.11;3.41;-0.77;-0.22;0.08;0
"BMW3_IN_04_z";39;176;0;1;0.27;0.11;1.2;-2.15;1.07;3.23;-0.74;-0.49;0.08;0
