"vars";"n";"mean";"sd";"median";"trimmed";"mad";"min";"max";"range";"skew";"kurtosis";"se"
"BMW3_UN_01_z";1;230;0;1;0.41;0.04;0;-2.54;1.4;3.94;-0.62;-0.64;0.07
"BMW3_UN_02_z";2;230;0;1;0.55;0.03;1.25;-1.99;1.4;3.38;-0.38;-1.02;0.07
"BMW3_UN_03_z";3;230;0;1;-0.07;-0.05;1.36;-1.9;1.76;3.67;0.11;-1.23;0.07
"BMW3_UN_04_z";4;230;0;1;0.62;-0.01;1.44;-2.29;1.59;3.88;-0.32;-1.01;0.07
"BMW3_IN_01_z";5;230;0;1;-0.07;0.02;1.16;-1.64;1.5;3.14;-0.02;-1.1;0.07
"BMW3_IN_02_z";6;230;0;1;0;0;1.09;-1.47;1.47;2.95;-0.09;-1.31;0.07
"BMW3_IN_03_z";7;230;0;1;0.3;0.11;1.24;-2.2;1.14;3.34;-0.76;-0.4;0.07
"BMW3_IN_04_z";8;230;0;1;0.24;0.11;1.24;-2.28;1.08;3.36;-0.82;-0.29;0.07
"MWsum_unint_nback_easy_z";9;223;0;1;-0.24;-0.05;0.93;-1.5;2.89;4.4;0.33;-0.4;0.07
"MWsum_unint_nback_difficult_z";10;219;-0.07;0.88;-0.15;-0.19;1.02;-0.83;2.6;3.43;1.03;0.3;0.06
"MWsum_unint_cmt_easy_z";11;223;0;1;-0.33;-0.06;0.78;-1.38;2.84;4.22;0.53;-0.22;0.07
"MWsum_unint_cmt_difficult_z";12;222;-0.02;0.97;0.04;-0.11;0.87;-1.13;2.97;4.1;0.7;-0.17;0.07
"MWsum_unint_ms_easy_z";13;223;0;1;0.02;-0.07;1.39;-1.38;2.36;3.74;0.49;-0.45;0.07
"MWsum_unint_ms_difficult_z";14;223;0;1;0.12;-0.05;0.76;-1.41;2.68;4.09;0.26;-0.55;0.07
"MWsum_int_nback_easy_z";15;219;-0.09;0.77;-0.64;-0.22;0;-0.64;2.41;3.05;1.35;1.14;0.05
"MWsum_int_nback_difficult_z";16;220;-0.09;0.63;-0.32;-0.26;0;-0.32;2.86;3.18;2.95;8.65;0.04
"MWsum_int_cmt_easy_z";17;219;-0.08;0.79;-0.61;-0.23;0;-0.61;2.57;3.18;1.51;1.67;0.05
"MWsum_int_cmt_difficult_z";18;218;-0.1;0.67;-0.41;-0.26;0;-0.41;1.89;2.3;2.01;2.8;0.05
"MWsum_int_ms_easy_z";19;217;-0.11;0.78;-0.7;-0.25;0;-0.7;2.24;2.94;1.32;0.94;0.05
"MWsum_int_ms_difficult_z";20;218;-0.1;0.76;-0.52;-0.27;0;-0.52;2.69;3.21;1.88;2.93;0.05
