"lhs";"op";"rhs";"est.std";"se";"z";"pvalue";"ci.lower";"ci.upper"
"1";"MW_Unintentional";"=~";"BMW3_UN_01_z";0.621603633270259;0.051896720939014;11.9777053737313;0;0.536241123606833;0.706966142933684
"2";"MW_Unintentional";"=~";"BMW3_UN_02_z";0.488927563243102;0.0593932329537292;8.23204157995583;2.22044604925031e-16;0.391234388602786;0.586620737883417
"3";"MW_Unintentional";"=~";"BMW3_UN_03_z";0.7911732224178;0.0413450954008553;19.1358422261963;0;0.723166592291049;0.859179852544552
"4";"MW_Unintentional";"=~";"BMW3_UN_04_z";0.735900307535526;0.0431560392239986;17.0520817194526;0;0.664914939893072;0.80688567517798
"5";"MW_intentional";"=~";"BMW3_IN_01_z";0.792091525019327;0.0356875414472789;22.19518333;0;0.733390743032789;0.850792307005865
"6";"MW_intentional";"=~";"BMW3_IN_02_z";0.833667245636907;0.0333894698855384;24.9679688984216;0;0.778746454993693;0.888588036280122
"7";"MW_intentional";"=~";"BMW3_IN_03_z";0.751484242781766;0.0376235817765816;19.9737560140943;0;0.68959895783765;0.813369527725881
"8";"MW_intentional";"=~";"BMW3_IN_04_z";0.270523630565026;0.0670807163026562;4.03280771994848;5.51143741709392e-05;0.160185671056099;0.380861590073952
"9";"TUT_Unintentional";"=~";"MWsum_unint_nback_easy_z";0.744449907233854;0.037076067156514;20.0789879922057;0;0.683465203698366;0.805434610769343
"10";"TUT_Unintentional";"=~";"MWsum_unint_nback_difficult_z";0.430438771441372;0.0627932247462776;6.85486010920132;7.13828995912991e-12;0.327153107969478;0.533724434913265
"11";"TUT_Unintentional";"=~";"MWsum_unint_cmt_easy_z";0.821506190901541;0.0306648867963882;26.7898002153492;0;0.771066940634446;0.871945441168636
"12";"TUT_Unintentional";"=~";"MWsum_unint_cmt_difficult_z";0.595518727502139;0.0500978456485418;11.8871125053952;0;0.51311510438468;0.677922350619598
"13";"TUT_Unintentional";"=~";"MWsum_unint_ms_easy_z";0.736847698832904;0.0376536493941796;19.5690911953624;0;0.674912957058928;0.798782440606879
"14";"TUT_Unintentional";"=~";"MWsum_unint_ms_difficult_z";0.693572099401737;0.041447110372609;16.7339072173315;0;0.625397669578693;0.761746529224781
"15";"TUT_intentional";"=~";"MWsum_int_nback_easy_z";0.674610674071088;0.048652201104011;13.8659846576905;0;0.594584924625983;0.754636423516193
"16";"TUT_intentional";"=~";"MWsum_int_nback_difficult_z";0.327794786276954;0.069414118887668;4.72230709731287;2.33184224440741e-06;0.213618721062933;0.441970851490976
"17";"TUT_intentional";"=~";"MWsum_int_cmt_easy_z";0.782491965510432;0.0417768517727657;18.7302760334023;0;0.713775159349384;0.851208771671479
"18";"TUT_intentional";"=~";"MWsum_int_cmt_difficult_z";0.500183711162412;0.060532187578614;8.26310317156169;2.22044604925031e-16;0.400617122876422;0.599750299448402
"19";"TUT_intentional";"=~";"MWsum_int_ms_easy_z";0.683886919241145;0.0481964955926175;14.1895569549646;0;0.604610738659277;0.763163099823012
"20";"TUT_intentional";"=~";"MWsum_int_ms_difficult_z";0.572310340281828;0.0559000065810935;10.2381086387098;0;0.480363011710305;0.664257668853351
