family_position,uk_region,salary
An only child,"North East, England",30000
The oldest of my siblings,"South East, England (inc. London)",35000
The youngest of my siblings,"South East, England (inc. London)",32000
The oldest of my siblings,,5000
The oldest of my siblings,"North East, England",25000
A middle child (I had older and younger siblings),"Midlands, England",35000
The oldest of my siblings,"North West, England",30000
A middle child (I had older and younger siblings),"South East, England (inc. London)",35000
A middle child (I had older and younger siblings),"Midlands, England",30000
The oldest of my siblings,"Midlands, England",50000
The youngest of my siblings,"North West, England",30000
An only child,"South East, England (inc. London)",35000
An only child,"South East, England (inc. London)",27000
The youngest of my siblings,"North West, England",33000
An only child,"North West, England",32000
The oldest of my siblings,"South East, England (inc. London)",53000
The oldest of my siblings,"Midlands, England",40000
An only child,"North East, England",25000
The youngest of my siblings,"South East, England (inc. London)",25000
The oldest of my siblings,"South East, England (inc. London)",35000
The youngest of my siblings,"North West, England",26000
The youngest of my siblings,"North West, England",26000
The oldest of my siblings,"North West, England",30000
The youngest of my siblings,"North East, England",22000
The youngest of my siblings,"North East, England",22000
The youngest of my siblings,"South East, England (inc. London)",75000
The oldest of my siblings,,28000
The youngest of my siblings,"North West, England",30000
The youngest of my siblings,"South West, England",30000
A middle child (I had older and younger siblings),"North East, England",30000
The youngest of my siblings,"North West, England",30000
An only child,"North West, England",30000
The youngest of my siblings,"North West, England",28000
The youngest of my siblings,"North West, England",37000
The youngest of my siblings,"North West, England",30000
The oldest of my siblings,,35000
The youngest of my siblings,"North West, England",25000
An only child,"South East, England (inc. London)",25000
A middle child (I had older and younger siblings),Wales,27500
The oldest of my siblings,"South East, England (inc. London)",30000
The oldest of my siblings,"North East, England",22000
The oldest of my siblings,"North West, England",30000
The youngest of my siblings,"North West, England",29000
An only child,"South East, England (inc. London)",25000
The oldest of my siblings,"North West, England",40000
The oldest of my siblings,,50000
The youngest of my siblings,"North East, England",20000
The youngest of my siblings,"South East, England (inc. London)",30000
An only child,"South East, England (inc. London)",25000
The oldest of my siblings,"Midlands, England",40000
The oldest of my siblings,"Midlands, England",30000
An only child,Wales,31000
The youngest of my siblings,"North West, England",20000
The youngest of my siblings,"Midlands, England",30000
The oldest of my siblings,"North West, England",30000
An only child,"North East, England",12000
The oldest of my siblings,"South East, England (inc. London)",40000
The oldest of my siblings,"North West, England",24000
The youngest of my siblings,"North West, England",25000
The oldest of my siblings,"South East, England (inc. London)",25000
A middle child (I had older and younger siblings),"North West, England",20000
The oldest of my siblings,"Midlands, England",40000
The youngest of my siblings,"South East, England (inc. London)",57760
The youngest of my siblings,"North West, England",40000
The oldest of my siblings,"North West, England",50000
A middle child (I had older and younger siblings),"Midlands, England",24000
The youngest of my siblings,"South East, England (inc. London)",30000
The youngest of my siblings,,30000
The youngest of my siblings,,50000
The oldest of my siblings,"South East, England (inc. London)",25000
The youngest of my siblings,"North West, England",55000
A middle child (I had older and younger siblings),,30000
An only child,"North West, England",30000
The youngest of my siblings,"North West, England",45000
A middle child (I had older and younger siblings),"Midlands, England",27000
A middle child (I had older and younger siblings),"North West, England",32000
The oldest of my siblings,"North East, England",35000
A middle child (I had older and younger siblings),"North East, England",30000
The oldest of my siblings,"North West, England",30000
The youngest of my siblings,,20000
The youngest of my siblings,"North West, England",21000
A middle child (I had older and younger siblings),"South East, England (inc. London)",30000
The youngest of my siblings,"North West, England",24000
The oldest of my siblings,"North West, England",30000
The youngest of my siblings,"North West, England",5500
The youngest of my siblings,"North West, England",25000
The oldest of my siblings,,5000
An only child,"South East, England (inc. London)",30000
The youngest of my siblings,"South East, England (inc. London)",25000
The oldest of my siblings,"South East, England (inc. London)",30000
The youngest of my siblings,"North West, England",25000
The oldest of my siblings,,35000
The youngest of my siblings,"North West, England",30000
The youngest of my siblings,"North West, England",40000
The oldest of my siblings,"South East, England (inc. London)",28000
The oldest of my siblings,"North West, England",22000
The youngest of my siblings,"Midlands, England",25000
The oldest of my siblings,"South East, England (inc. London)",40000
The oldest of my siblings,"South East, England (inc. London)",30000
The oldest of my siblings,"North East, England",24000
The oldest of my siblings,,35000
A middle child (I had older and younger siblings),"South West, England",50000
The oldest of my siblings,"North West, England",15345.78
An only child,"South West, England",27000
The oldest of my siblings,"North West, England",29000
A middle child (I had older and younger siblings),"North West, England",36000
An only child,"North West, England",30000
The oldest of my siblings,"North West, England",30000
The youngest of my siblings,"North West, England",27000
The youngest of my siblings,"North West, England",25000
The youngest of my siblings,"South East, England (inc. London)",25000
The youngest of my siblings,"Midlands, England",32000
The oldest of my siblings,"South West, England",5000
A middle child (I had older and younger siblings),"North West, England",30000
An only child,"North West, England",28000
The oldest of my siblings,"South West, England",5000
The oldest of my siblings,"South East, England (inc. London)",30000
The youngest of my siblings,"North East, England",25000
The youngest of my siblings,"South East, England (inc. London)",30000
The youngest of my siblings,,5000
The oldest of my siblings,"South East, England (inc. London)",26000
The oldest of my siblings,"South East, England (inc. London)",30000
An only child,"North East, England",30000
The youngest of my siblings,"North West, England",30000
The youngest of my siblings,"South East, England (inc. London)",37000
The youngest of my siblings,,7500
The youngest of my siblings,"North West, England",25000
The oldest of my siblings,"North West, England",30000
An only child,"Midlands, England",25000
The youngest of my siblings,"North West, England",25000
The youngest of my siblings,"North West, England",26000